[{"id":"user-file-MinecraftTen-VGORe.ttf","fileName":"MinecraftTen-VGORe.ttf","name":"MinecraftTen-VGORe","publicUrl":"https://assets.nicepagecdn.com/88d2a170/5512372/fonts/MinecraftTen-VGORe.ttf","size":7116},{"id":"user-file-Norse.otf","fileName":"Norse.otf","name":"Norse","publicUrl":"https://assets.nicepagecdn.com/88d2a170/5512372/fonts/Norse.otf","size":30040},{"id":"user-file-DALEK___.ttf","fileName":"DALEK___.ttf","name":"DALEK___","publicUrl":"https://assets.nicepagecdn.com/88d2a170/5512372/fonts/DALEK___.ttf","size":200576},{"id":"user-file-MinecraftTenE.ttf","fileName":"MinecraftTenE.ttf","name":"MinecraftTenE","publicUrl":"https://assets.nicepagecdn.com/88d2a170/5512372/fonts/MinecraftTenE.ttf","size":25012},{"id":"user-file-MinecraftRegular-Bmg3.otf","fileName":"MinecraftRegular-Bmg3.otf","name":"MinecraftRegular-Bmg3","publicUrl":"https://assets.nicepagecdn.com/88d2a170/5512372/fonts/MinecraftRegular-Bmg3.otf","size":11016}]