[{"id":"user-image-GMinecraft-creativ.webp","fileName":"GMinecraft-creativ.webp","name":"GMinecraft-creativ","publicUrl":"https://assets.nicepagecdn.com/88d2a170/5512372/images/GMinecraft-creativ.webp","size":874510,"hash":"Tyd3OL09IGV8X9eI9XxSlpRTAY0=","width":2500,"height":1619,"folderId":null,"thumbnail":{"url":"https://assets.nicepagecdn.com/88d2a170/5512372/images/GMinecraft-creativ.webp","width":2500,"height":1619},"usages":["5512381"]},{"id":"user-image-nort-sun-Java-blank.webp","fileName":"nort-sun-Java-blank.webp","name":"nort-sun-Java-blank","publicUrl":"https://assets.nicepagecdn.com/88d2a170/5512372/images/nort-sun-Java-blank.webp","size":12578,"hash":"rpH9RCla3w2yuNzEmtJkQ4bnZK0=","width":1296,"height":737,"folderId":null,"thumbnail":{"url":"https://assets.nicepagecdn.com/88d2a170/5512372/images/nort-sun-Java-blank.webp","width":1296,"height":737},"usages":[]},{"id":"user-image-nort-sun-Bedrock-blank.webp","fileName":"nort-sun-Bedrock-blank.webp","name":"nort-sun-Bedrock-blank","publicUrl":"https://assets.nicepagecdn.com/88d2a170/5512372/images/nort-sun-Bedrock-blank.webp","size":131722,"hash":"gPEAAn+4x8n2Wz7u+jMoUL21lIE=","width":1296,"height":737,"folderId":null,"thumbnail":{"url":"https://assets.nicepagecdn.com/88d2a170/5512372/images/nort-sun-Bedrock-blank.webp","width":1296,"height":737},"usages":[]},{"id":"user-image-GMinecraft-Survival.webp","fileName":"GMinecraft-Survival.webp","name":"GMinecraft-Survival","publicUrl":"https://assets.nicepagecdn.com/88d2a170/5512372/images/GMinecraft-Survival.webp","size":1226012,"hash":"eUo4Zz/p49nZLG0p37wylClQlbY=","width":2500,"height":1885,"folderId":null,"thumbnail":{"url":"https://assets.nicepagecdn.com/88d2a170/5512372/images/GMinecraft-Survival.webp","width":2500,"height":1885},"usages":["5512381"]},{"id":"user-image-Nor-sun-logo-1.webp","fileName":"Nor-sun-logo-1.webp","name":"Nor-sun-logo-1","publicUrl":"https://assets.nicepagecdn.com/88d2a170/5512372/images/Nor-sun-logo-1.webp","size":37464,"hash":"eATf5OLvxAioI72rzVA8981QFV4=","width":1919,"height":303,"folderId":null,"thumbnail":{"url":"https://assets.nicepagecdn.com/88d2a170/5512372/images/Nor-sun-logo-1.webp","width":1919,"height":303},"usages":[]},{"id":"user-image-Nor-sun.png","fileName":"Nor-sun.png","name":"Nor-sun","publicUrl":"https://assets.nicepagecdn.com/88d2a170/5512372/images/Nor-sun.png","size":1231509,"hash":"umxggkXr+I7i+0Lz6Z00tqD7AWY=","width":640,"height":640,"folderId":null,"thumbnail":{"url":"https://assets.nicepagecdn.com/88d2a170/5512372/images/thumbnails/Nor-sun.png","width":150,"height":150},"usages":["5512383"]},{"id":"user-image-nort-sun-blank.png","fileName":"nort-sun-blank.png","name":"nort-sun-blank","publicUrl":"https://assets.nicepagecdn.com/88d2a170/5512372/images/nort-sun-blank.png","size":215548,"hash":"QeHfJkdzO+LXn9iZ8BYP/ASC3QA=","width":1296,"height":737,"folderId":null,"usages":["5509161"],"thumbnail":{"url":"https://assets.nicepagecdn.com/88d2a170/5512372/images/nort-sun-blank.png","width":1296,"height":737}},{"id":"user-image-2111646.png","fileName":"2111646.png","name":"2111646","publicUrl":"https://assets.nicepagecdn.com/88d2a170/5512372/images/2111646.png","size":4868,"hash":"NY5Z5aeo8Ive0Ijf0Gd9exIv11M=","width":128,"height":128,"folderId":null,"usages":["5508925","5512384"],"thumbnail":{"url":"https://assets.nicepagecdn.com/88d2a170/5512372/images/2111646.png","width":128,"height":128}},{"id":"user-image-5968756.png","fileName":"5968756.png","name":"5968756","publicUrl":"https://assets.nicepagecdn.com/88d2a170/5512372/images/5968756.png","size":3928,"hash":"fCprpDfc9cyCdAHSDQUKfOftdV8=","width":128,"height":128,"folderId":null,"usages":["5508925","5512384"],"thumbnail":{"url":"https://assets.nicepagecdn.com/88d2a170/5512372/images/5968756.png","width":128,"height":128}},{"id":"user-image-Valheim-ip.svg","fileName":"Valheim-ip.svg","name":"Valheim-ip","publicUrl":"https://assets.nicepagecdn.com/88d2a170/5512372/images/Valheim-ip.svg","size":115861,"hash":"w3JOCefYyp0MbfIC0S7fNytoEEA=","width":300,"height":129,"folderId":null,"usages":["5509162","5512382"],"thumbnail":{"url":"https://assets.nicepagecdn.com/88d2a170/5512372/images/Valheim-ip.svg","width":300,"height":129}},{"id":"user-image-survival-logo.png","fileName":"survival-logo.png","name":"survival-logo","publicUrl":"https://assets.nicepagecdn.com/88d2a170/5512372/images/survival-logo.png","size":56448,"hash":"lvIn8xEck64+wvPmZ0x2E9i05i4=","width":600,"height":223,"folderId":null,"usages":["5509161"],"thumbnail":{"url":"https://assets.nicepagecdn.com/88d2a170/5512372/images/survival-logo.png","width":600,"height":223}},{"id":"user-image-Minecraft_text.png","fileName":"Minecraft_text.png","name":"Minecraft_text","publicUrl":"https://assets.nicepagecdn.com/88d2a170/5512372/images/Minecraft_text.png","size":110377,"hash":"+rGrziqUGGts2sLMfujroNB26jE=","width":2500,"height":415,"folderId":null,"usages":["5509161"],"thumbnail":{"url":"https://assets.nicepagecdn.com/88d2a170/5512372/images/Minecraft_text.png","width":2500,"height":415}},{"id":"user-image-Logo_valheim.webp","fileName":"Logo_valheim.webp","name":"Logo_valheim","publicUrl":"https://assets.nicepagecdn.com/88d2a170/5512372/images/Logo_valheim.webp","size":102390,"hash":"WFJGZelEUblTW/Z3NfHDHT9PNBU=","width":762,"height":300,"folderId":null,"usages":["5509162","5512382"],"thumbnail":{"url":"https://assets.nicepagecdn.com/88d2a170/5512372/images/Logo_valheim.webp","width":762,"height":300}},{"id":"user-image-Nor-sun-logo.png","fileName":"Nor-sun-logo.png","name":"Nor-sun-logo","publicUrl":"https://assets.nicepagecdn.com/88d2a170/5512372/images/Nor-sun-logo.png","size":4869,"hash":"tcSrPg5bpsYeLSSHZK7ZLsrRdXo=","width":442,"height":67,"folderId":null,"usages":[],"thumbnail":{"url":"https://assets.nicepagecdn.com/88d2a170/5512372/images/Nor-sun-logo.png","width":442,"height":67}},{"id":"user-image-wallpaper.jpg","fileName":"wallpaper.jpg","name":"wallpaper","publicUrl":"https://assets.nicepagecdn.com/88d2a170/5512372/images/wallpaper.jpg","size":131918,"hash":"WW9VTvc3lhotZhl0BuSqEgCN5eo=","width":1920,"height":1080,"folderId":null,"usages":["5508926","5509162","5509161","5508925","5512382","5512383","5512384","5512381"],"thumbnail":{"url":"https://assets.nicepagecdn.com/88d2a170/5512372/images/wallpaper.jpg","width":1920,"height":1080}},{"id":"user-image-photo_2023-07-31_11-34-08.jpg","fileName":"photo_2023-07-31_11-34-08.jpg","name":"photo_2023-07-31_11-34-08","publicUrl":"https://assets.nicepagecdn.com/88d2a170/5512372/images/photo_2023-07-31_11-34-08.jpg","size":33796,"hash":"mz3GgkZy42M//+QgJwx8VdG1fks=","width":640,"height":640,"folderId":null,"usages":["5508926"],"thumbnail":{"url":"https://assets.nicepagecdn.com/88d2a170/5512372/images/photo_2023-07-31_11-34-08.jpg","width":640,"height":640}}]